{
  "questions": [
    {
      "id": 1,
      "title": "Heroku + node.js error (Web process failed to bind to $PORT within 60 seconds of launch)!!!",
      "asked": "10 years ago",
      "modified": "1 month ago",
      "viewed": "380k",
      "content": "I have my first **_node.js_** app (runs fine locally) but I am unable to deploy it via heroku (first time w/ heroku as well).The code is below. SO doesn't let me write so much code,so I would just say that the running the code locally as well within my network shows no issue. ## **Any idea???**",
      "vote": 641,
      "tags": [
        {
          "tid": 1,
          "name": "node.js"
        },
        {
          "tid": 2,
          "name": "heroku"
        }
      ],
      "edited": "Mar 28, 2013 at 22:32",
      "author": {
        "username": "user428900",
        "userimage": "https://randomuser.me/api/portraits/thumb/men/88.jpg"
      },
      "answer_count": 39
    },
    {
      "id": 2,
      "title": "How can I SELECT rows with MAX(Column value), PARTITION by another column in MYSQL?",
      "asked": "14 years ago",
      "modified": "3 month ago",
      "viewed": "1.9m",
      "content": "I have a table of player performance:, what query will return the rows for each distinct home holding its maximum value of datetime?",
      "vote": 903,
      "tags": [
        {
          "tid": 1,
          "name": "mysql"
        },
        {
          "tid": 2,
          "name": "sql"
        },
        {
          "tid": 3,
          "name": "max"
        },
        {
          "tid": 4,
          "name": "distinct"
        }
      ],
      "edited": "May 10, 2022 at 23:59",
      "author": {
        "username": "unknownuser001",
        "userimage": "https://randomuser.me/api/portraits/thumb/men/1.jpg"
      },
      "answer_count": 22
    },
    {
      "title": "",
      "content": "",
      "tags": [
        "dummy",
        "tags"
      ],
      "vote": 0,
      "asked": "1 min ago",
      "viewed": 1,
      "modified": "never",
      "edited": "never",
      "answer_count": 0,
      "author": {
        "username": "idx123",
        "userimage": "https://randomuser.me/api/portraits/thumb/men/100.jpg"
      },
      "id": 3
    }
  ],
  "answers": [
    {
      "id": 1,
      "questionId": 1,
      "content": "...??",
      "user": {
        "username": "hotdog123",
        "userimage": "https://randomuser.me/api/portraits/thumb/women/1.jpg"
      },
      "answered": "Mar 28, 2013 at 22:36"
    },
    {
      "content": "`npm run start`",
      "user": {
        "username": "idx123",
        "userimage": "https://randomuser.me/api/portraits/thumb/women/3.jpg"
      },
      "answered": "Apr 17, 2023 at 22:36",
      "id": 3
    }
  ]
}